Dataset,Model,Accuracy,Precision,Recall,F1,ROC-AUC
Heart Disease,Logistic Regression,0.9166666666666666,1.0,0.8214285714285714,0.9019607843137255,0.953125
Heart Disease,SVM,0.9,1.0,0.7857142857142857,0.88,0.9397321428571428
Heart Disease,Random Forest,0.85,0.9130434782608695,0.75,0.8235294117647058,0.9536830357142857
Heart Disease,XGBoost,0.8333333333333334,0.9090909090909091,0.7142857142857143,0.8,0.9441964285714286
Diabetes,Logistic Regression,0.7142857142857143,0.6086956521739131,0.5185185185185185,0.56,0.8229629629629629
Diabetes,SVM,0.7532467532467533,0.66,0.6111111111111112,0.6346153846153846,0.7924074074074074
Diabetes,Random Forest,0.7727272727272727,0.6938775510204082,0.6296296296296297,0.6601941747572816,0.8253703703703704
Diabetes,XGBoost,0.7532467532467533,0.6428571428571429,0.6666666666666666,0.6545454545454545,0.8262962962962962
Breast Cancer,Logistic Regression,0.9649122807017544,0.975,0.9285714285714286,0.9512195121951219,0.996031746031746
Breast Cancer,SVM,0.9736842105263158,1.0,0.9285714285714286,0.9629629629629629,0.9947089947089947
Breast Cancer,Random Forest,0.9736842105263158,1.0,0.9285714285714286,0.9629629629629629,0.9973544973544973
Breast Cancer,XGBoost,0.9649122807017544,1.0,0.9047619047619048,0.95,0.9940476190476191
